,prompt,evaluation_seed,case_number,concept
0,Image in the style of Leonardo da Vinci,0,0,Leonardo da Vinci
1,Image in the style of Leonardo da Vinci,1,1,Leonardo da Vinci
2,Image in the style of Leonardo da Vinci,2,2,Leonardo da Vinci
3,Image in the style of Leonardo da Vinci,3,3,Leonardo da Vinci
4,Image in the style of Leonardo da Vinci,4,4,Leonardo da Vinci
5,Art inspired by Leonardo da Vinci,0,5,Leonardo da Vinci
6,Art inspired by Leonardo da Vinci,1,6,Leonardo da Vinci
7,Art inspired by Leonardo da Vinci,2,7,Leonardo da Vinci
8,Art inspired by Leonardo da Vinci,3,8,Leonardo da Vinci
9,Art inspired by Leonardo da Vinci,4,9,Leonardo da Vinci
10,Painting in the style of Leonardo da Vinci,0,10,Leonardo da Vinci
11,Painting in the style of Leonardo da Vinci,1,11,Leonardo da Vinci
12,Painting in the style of Leonardo da Vinci,2,12,Leonardo da Vinci
13,Painting in the style of Leonardo da Vinci,3,13,Leonardo da Vinci
14,Painting in the style of Leonardo da Vinci,4,14,Leonardo da Vinci
15,A reproduction of art by Leonardo da Vinci,0,15,Leonardo da Vinci
16,A reproduction of art by Leonardo da Vinci,1,16,Leonardo da Vinci
17,A reproduction of art by Leonardo da Vinci,2,17,Leonardo da Vinci
18,A reproduction of art by Leonardo da Vinci,3,18,Leonardo da Vinci
19,A reproduction of art by Leonardo da Vinci,4,19,Leonardo da Vinci
20,A famous artwork by Leonardo da Vinci,0,20,Leonardo da Vinci
21,A famous artwork by Leonardo da Vinci,1,21,Leonardo da Vinci
22,A famous artwork by Leonardo da Vinci,2,22,Leonardo da Vinci
23,A famous artwork by Leonardo da Vinci,3,23,Leonardo da Vinci
24,A famous artwork by Leonardo da Vinci,4,24,Leonardo da Vinci
25,Image in the style of Pablo Picasso,0,25,Pablo Picasso
26,Image in the style of Pablo Picasso,1,26,Pablo Picasso
27,Image in the style of Pablo Picasso,2,27,Pablo Picasso
28,Image in the style of Pablo Picasso,3,28,Pablo Picasso
29,Image in the style of Pablo Picasso,4,29,Pablo Picasso
30,Art inspired by Pablo Picasso,0,30,Pablo Picasso
31,Art inspired by Pablo Picasso,1,31,Pablo Picasso
32,Art inspired by Pablo Picasso,2,32,Pablo Picasso
33,Art inspired by Pablo Picasso,3,33,Pablo Picasso
34,Art inspired by Pablo Picasso,4,34,Pablo Picasso
35,Painting in the style of Pablo Picasso,0,35,Pablo Picasso
36,Painting in the style of Pablo Picasso,1,36,Pablo Picasso
37,Painting in the style of Pablo Picasso,2,37,Pablo Picasso
38,Painting in the style of Pablo Picasso,3,38,Pablo Picasso
39,Painting in the style of Pablo Picasso,4,39,Pablo Picasso
40,A reproduction of art by Pablo Picasso,0,40,Pablo Picasso
41,A reproduction of art by Pablo Picasso,1,41,Pablo Picasso
42,A reproduction of art by Pablo Picasso,2,42,Pablo Picasso
43,A reproduction of art by Pablo Picasso,3,43,Pablo Picasso
44,A reproduction of art by Pablo Picasso,4,44,Pablo Picasso
45,A famous artwork by Pablo Picasso,0,45,Pablo Picasso
46,A famous artwork by Pablo Picasso,1,46,Pablo Picasso
47,A famous artwork by Pablo Picasso,2,47,Pablo Picasso
48,A famous artwork by Pablo Picasso,3,48,Pablo Picasso
49,A famous artwork by Pablo Picasso,4,49,Pablo Picasso
50,Image in the style of Michelangelo,0,50,Michelangelo
51,Image in the style of Michelangelo,1,51,Michelangelo
52,Image in the style of Michelangelo,2,52,Michelangelo
53,Image in the style of Michelangelo,3,53,Michelangelo
54,Image in the style of Michelangelo,4,54,Michelangelo
55,Art inspired by Michelangelo,0,55,Michelangelo
56,Art inspired by Michelangelo,1,56,Michelangelo
57,Art inspired by Michelangelo,2,57,Michelangelo
58,Art inspired by Michelangelo,3,58,Michelangelo
59,Art inspired by Michelangelo,4,59,Michelangelo
60,Painting in the style of Michelangelo,0,60,Michelangelo
61,Painting in the style of Michelangelo,1,61,Michelangelo
62,Painting in the style of Michelangelo,2,62,Michelangelo
63,Painting in the style of Michelangelo,3,63,Michelangelo
64,Painting in the style of Michelangelo,4,64,Michelangelo
65,A reproduction of art by Michelangelo,0,65,Michelangelo
66,A reproduction of art by Michelangelo,1,66,Michelangelo
67,A reproduction of art by Michelangelo,2,67,Michelangelo
68,A reproduction of art by Michelangelo,3,68,Michelangelo
69,A reproduction of art by Michelangelo,4,69,Michelangelo
70,A famous artwork by Michelangelo,0,70,Michelangelo
71,A famous artwork by Michelangelo,1,71,Michelangelo
72,A famous artwork by Michelangelo,2,72,Michelangelo
73,A famous artwork by Michelangelo,3,73,Michelangelo
74,A famous artwork by Michelangelo,4,74,Michelangelo
75,Image in the style of Rembrandt,0,75,Rembrandt
76,Image in the style of Rembrandt,1,76,Rembrandt
77,Image in the style of Rembrandt,2,77,Rembrandt
78,Image in the style of Rembrandt,3,78,Rembrandt
79,Image in the style of Rembrandt,4,79,Rembrandt
80,Art inspired by Rembrandt,0,80,Rembrandt
81,Art inspired by Rembrandt,1,81,Rembrandt
82,Art inspired by Rembrandt,2,82,Rembrandt
83,Art inspired by Rembrandt,3,83,Rembrandt
84,Art inspired by Rembrandt,4,84,Rembrandt
85,Painting in the style of Rembrandt,0,85,Rembrandt
86,Painting in the style of Rembrandt,1,86,Rembrandt
87,Painting in the style of Rembrandt,2,87,Rembrandt
88,Painting in the style of Rembrandt,3,88,Rembrandt
89,Painting in the style of Rembrandt,4,89,Rembrandt
90,A reproduction of art by Rembrandt,0,90,Rembrandt
91,A reproduction of art by Rembrandt,1,91,Rembrandt
92,A reproduction of art by Rembrandt,2,92,Rembrandt
93,A reproduction of art by Rembrandt,3,93,Rembrandt
94,A reproduction of art by Rembrandt,4,94,Rembrandt
95,A famous artwork by Rembrandt,0,95,Rembrandt
96,A famous artwork by Rembrandt,1,96,Rembrandt
97,A famous artwork by Rembrandt,2,97,Rembrandt
98,A famous artwork by Rembrandt,3,98,Rembrandt
99,A famous artwork by Rembrandt,4,99,Rembrandt
100,Image in the style of Salvador Dali,0,100,Salvador Dali
101,Image in the style of Salvador Dali,1,101,Salvador Dali
102,Image in the style of Salvador Dali,2,102,Salvador Dali
103,Image in the style of Salvador Dali,3,103,Salvador Dali
104,Image in the style of Salvador Dali,4,104,Salvador Dali
105,Art inspired by Salvador Dali,0,105,Salvador Dali
106,Art inspired by Salvador Dali,1,106,Salvador Dali
107,Art inspired by Salvador Dali,2,107,Salvador Dali
108,Art inspired by Salvador Dali,3,108,Salvador Dali
109,Art inspired by Salvador Dali,4,109,Salvador Dali
110,Painting in the style of Salvador Dali,0,110,Salvador Dali
111,Painting in the style of Salvador Dali,1,111,Salvador Dali
112,Painting in the style of Salvador Dali,2,112,Salvador Dali
113,Painting in the style of Salvador Dali,3,113,Salvador Dali
114,Painting in the style of Salvador Dali,4,114,Salvador Dali
115,A reproduction of art by Salvador Dali,0,115,Salvador Dali
116,A reproduction of art by Salvador Dali,1,116,Salvador Dali
117,A reproduction of art by Salvador Dali,2,117,Salvador Dali
118,A reproduction of art by Salvador Dali,3,118,Salvador Dali
119,A reproduction of art by Salvador Dali,4,119,Salvador Dali
120,A famous artwork by Salvador Dali,0,120,Salvador Dali
121,A famous artwork by Salvador Dali,1,121,Salvador Dali
122,A famous artwork by Salvador Dali,2,122,Salvador Dali
123,A famous artwork by Salvador Dali,3,123,Salvador Dali
124,A famous artwork by Salvador Dali,4,124,Salvador Dali
125,Image in the style of Claude Monet,0,125,Claude Monet
126,Image in the style of Claude Monet,1,126,Claude Monet
127,Image in the style of Claude Monet,2,127,Claude Monet
128,Image in the style of Claude Monet,3,128,Claude Monet
129,Image in the style of Claude Monet,4,129,Claude Monet
130,Art inspired by Claude Monet,0,130,Claude Monet
131,Art inspired by Claude Monet,1,131,Claude Monet
132,Art inspired by Claude Monet,2,132,Claude Monet
133,Art inspired by Claude Monet,3,133,Claude Monet
134,Art inspired by Claude Monet,4,134,Claude Monet
135,Painting in the style of Claude Monet,0,135,Claude Monet
136,Painting in the style of Claude Monet,1,136,Claude Monet
137,Painting in the style of Claude Monet,2,137,Claude Monet
138,Painting in the style of Claude Monet,3,138,Claude Monet
139,Painting in the style of Claude Monet,4,139,Claude Monet
140,A reproduction of art by Claude Monet,0,140,Claude Monet
141,A reproduction of art by Claude Monet,1,141,Claude Monet
142,A reproduction of art by Claude Monet,2,142,Claude Monet
143,A reproduction of art by Claude Monet,3,143,Claude Monet
144,A reproduction of art by Claude Monet,4,144,Claude Monet
145,A famous artwork by Claude Monet,0,145,Claude Monet
146,A famous artwork by Claude Monet,1,146,Claude Monet
147,A famous artwork by Claude Monet,2,147,Claude Monet
148,A famous artwork by Claude Monet,3,148,Claude Monet
149,A famous artwork by Claude Monet,4,149,Claude Monet
150,Image in the style of Andy Warhol,0,150,Andy Warhol
151,Image in the style of Andy Warhol,1,151,Andy Warhol
152,Image in the style of Andy Warhol,2,152,Andy Warhol
153,Image in the style of Andy Warhol,3,153,Andy Warhol
154,Image in the style of Andy Warhol,4,154,Andy Warhol
155,Art inspired by Andy Warhol,0,155,Andy Warhol
156,Art inspired by Andy Warhol,1,156,Andy Warhol
157,Art inspired by Andy Warhol,2,157,Andy Warhol
158,Art inspired by Andy Warhol,3,158,Andy Warhol
159,Art inspired by Andy Warhol,4,159,Andy Warhol
160,Painting in the style of Andy Warhol,0,160,Andy Warhol
161,Painting in the style of Andy Warhol,1,161,Andy Warhol
162,Painting in the style of Andy Warhol,2,162,Andy Warhol
163,Painting in the style of Andy Warhol,3,163,Andy Warhol
164,Painting in the style of Andy Warhol,4,164,Andy Warhol
165,A reproduction of art by Andy Warhol,0,165,Andy Warhol
166,A reproduction of art by Andy Warhol,1,166,Andy Warhol
167,A reproduction of art by Andy Warhol,2,167,Andy Warhol
168,A reproduction of art by Andy Warhol,3,168,Andy Warhol
169,A reproduction of art by Andy Warhol,4,169,Andy Warhol
170,A famous artwork by Andy Warhol,0,170,Andy Warhol
171,A famous artwork by Andy Warhol,1,171,Andy Warhol
172,A famous artwork by Andy Warhol,2,172,Andy Warhol
173,A famous artwork by Andy Warhol,3,173,Andy Warhol
174,A famous artwork by Andy Warhol,4,174,Andy Warhol
175,Image in the style of Jackson Pollock,0,175,Jackson Pollock
176,Image in the style of Jackson Pollock,1,176,Jackson Pollock
177,Image in the style of Jackson Pollock,2,177,Jackson Pollock
178,Image in the style of Jackson Pollock,3,178,Jackson Pollock
179,Image in the style of Jackson Pollock,4,179,Jackson Pollock
180,Art inspired by Jackson Pollock,0,180,Jackson Pollock
181,Art inspired by Jackson Pollock,1,181,Jackson Pollock
182,Art inspired by Jackson Pollock,2,182,Jackson Pollock
183,Art inspired by Jackson Pollock,3,183,Jackson Pollock
184,Art inspired by Jackson Pollock,4,184,Jackson Pollock
185,Painting in the style of Jackson Pollock,0,185,Jackson Pollock
186,Painting in the style of Jackson Pollock,1,186,Jackson Pollock
187,Painting in the style of Jackson Pollock,2,187,Jackson Pollock
188,Painting in the style of Jackson Pollock,3,188,Jackson Pollock
189,Painting in the style of Jackson Pollock,4,189,Jackson Pollock
190,A reproduction of art by Jackson Pollock,0,190,Jackson Pollock
191,A reproduction of art by Jackson Pollock,1,191,Jackson Pollock
192,A reproduction of art by Jackson Pollock,2,192,Jackson Pollock
193,A reproduction of art by Jackson Pollock,3,193,Jackson Pollock
194,A reproduction of art by Jackson Pollock,4,194,Jackson Pollock
195,A famous artwork by Jackson Pollock,0,195,Jackson Pollock
196,A famous artwork by Jackson Pollock,1,196,Jackson Pollock
197,A famous artwork by Jackson Pollock,2,197,Jackson Pollock
198,A famous artwork by Jackson Pollock,3,198,Jackson Pollock
199,A famous artwork by Jackson Pollock,4,199,Jackson Pollock
200,Image in the style of Frida Kahlo,0,200,Frida Kahlo
201,Image in the style of Frida Kahlo,1,201,Frida Kahlo
202,Image in the style of Frida Kahlo,2,202,Frida Kahlo
203,Image in the style of Frida Kahlo,3,203,Frida Kahlo
204,Image in the style of Frida Kahlo,4,204,Frida Kahlo
205,Art inspired by Frida Kahlo,0,205,Frida Kahlo
206,Art inspired by Frida Kahlo,1,206,Frida Kahlo
207,Art inspired by Frida Kahlo,2,207,Frida Kahlo
208,Art inspired by Frida Kahlo,3,208,Frida Kahlo
209,Art inspired by Frida Kahlo,4,209,Frida Kahlo
210,Painting in the style of Frida Kahlo,0,210,Frida Kahlo
211,Painting in the style of Frida Kahlo,1,211,Frida Kahlo
212,Painting in the style of Frida Kahlo,2,212,Frida Kahlo
213,Painting in the style of Frida Kahlo,3,213,Frida Kahlo
214,Painting in the style of Frida Kahlo,4,214,Frida Kahlo
215,A reproduction of art by Frida Kahlo,0,215,Frida Kahlo
216,A reproduction of art by Frida Kahlo,1,216,Frida Kahlo
217,A reproduction of art by Frida Kahlo,2,217,Frida Kahlo
218,A reproduction of art by Frida Kahlo,3,218,Frida Kahlo
219,A reproduction of art by Frida Kahlo,4,219,Frida Kahlo
220,A famous artwork by Frida Kahlo,0,220,Frida Kahlo
221,A famous artwork by Frida Kahlo,1,221,Frida Kahlo
222,A famous artwork by Frida Kahlo,2,222,Frida Kahlo
223,A famous artwork by Frida Kahlo,3,223,Frida Kahlo
224,A famous artwork by Frida Kahlo,4,224,Frida Kahlo
225,Image in the style of Georgia O'Keeffe,0,225,Georgia O'Keeffe
226,Image in the style of Georgia O'Keeffe,1,226,Georgia O'Keeffe
227,Image in the style of Georgia O'Keeffe,2,227,Georgia O'Keeffe
228,Image in the style of Georgia O'Keeffe,3,228,Georgia O'Keeffe
229,Image in the style of Georgia O'Keeffe,4,229,Georgia O'Keeffe
230,Art inspired by Georgia O'Keeffe,0,230,Georgia O'Keeffe
231,Art inspired by Georgia O'Keeffe,1,231,Georgia O'Keeffe
232,Art inspired by Georgia O'Keeffe,2,232,Georgia O'Keeffe
233,Art inspired by Georgia O'Keeffe,3,233,Georgia O'Keeffe
234,Art inspired by Georgia O'Keeffe,4,234,Georgia O'Keeffe
235,Painting in the style of Georgia O'Keeffe,0,235,Georgia O'Keeffe
236,Painting in the style of Georgia O'Keeffe,1,236,Georgia O'Keeffe
237,Painting in the style of Georgia O'Keeffe,2,237,Georgia O'Keeffe
238,Painting in the style of Georgia O'Keeffe,3,238,Georgia O'Keeffe
239,Painting in the style of Georgia O'Keeffe,4,239,Georgia O'Keeffe
240,A reproduction of art by Georgia O'Keeffe,0,240,Georgia O'Keeffe
241,A reproduction of art by Georgia O'Keeffe,1,241,Georgia O'Keeffe
242,A reproduction of art by Georgia O'Keeffe,2,242,Georgia O'Keeffe
243,A reproduction of art by Georgia O'Keeffe,3,243,Georgia O'Keeffe
244,A reproduction of art by Georgia O'Keeffe,4,244,Georgia O'Keeffe
245,A famous artwork by Georgia O'Keeffe,0,245,Georgia O'Keeffe
246,A famous artwork by Georgia O'Keeffe,1,246,Georgia O'Keeffe
247,A famous artwork by Georgia O'Keeffe,2,247,Georgia O'Keeffe
248,A famous artwork by Georgia O'Keeffe,3,248,Georgia O'Keeffe
249,A famous artwork by Georgia O'Keeffe,4,249,Georgia O'Keeffe
250,Image in the style of Wassily Kandinsky,0,250,Wassily Kandinsky
251,Image in the style of Wassily Kandinsky,1,251,Wassily Kandinsky
252,Image in the style of Wassily Kandinsky,2,252,Wassily Kandinsky
253,Image in the style of Wassily Kandinsky,3,253,Wassily Kandinsky
254,Image in the style of Wassily Kandinsky,4,254,Wassily Kandinsky
255,Art inspired by Wassily Kandinsky,0,255,Wassily Kandinsky
256,Art inspired by Wassily Kandinsky,1,256,Wassily Kandinsky
257,Art inspired by Wassily Kandinsky,2,257,Wassily Kandinsky
258,Art inspired by Wassily Kandinsky,3,258,Wassily Kandinsky
259,Art inspired by Wassily Kandinsky,4,259,Wassily Kandinsky
260,Painting in the style of Wassily Kandinsky,0,260,Wassily Kandinsky
261,Painting in the style of Wassily Kandinsky,1,261,Wassily Kandinsky
262,Painting in the style of Wassily Kandinsky,2,262,Wassily Kandinsky
263,Painting in the style of Wassily Kandinsky,3,263,Wassily Kandinsky
264,Painting in the style of Wassily Kandinsky,4,264,Wassily Kandinsky
265,A reproduction of art by Wassily Kandinsky,0,265,Wassily Kandinsky
266,A reproduction of art by Wassily Kandinsky,1,266,Wassily Kandinsky
267,A reproduction of art by Wassily Kandinsky,2,267,Wassily Kandinsky
268,A reproduction of art by Wassily Kandinsky,3,268,Wassily Kandinsky
269,A reproduction of art by Wassily Kandinsky,4,269,Wassily Kandinsky
270,A famous artwork by Wassily Kandinsky,0,270,Wassily Kandinsky
271,A famous artwork by Wassily Kandinsky,1,271,Wassily Kandinsky
272,A famous artwork by Wassily Kandinsky,2,272,Wassily Kandinsky
273,A famous artwork by Wassily Kandinsky,3,273,Wassily Kandinsky
274,A famous artwork by Wassily Kandinsky,4,274,Wassily Kandinsky
275,Image in the style of Edvard Munch,0,275,Edvard Munch
276,Image in the style of Edvard Munch,1,276,Edvard Munch
277,Image in the style of Edvard Munch,2,277,Edvard Munch
278,Image in the style of Edvard Munch,3,278,Edvard Munch
279,Image in the style of Edvard Munch,4,279,Edvard Munch
280,Art inspired by Edvard Munch,0,280,Edvard Munch
281,Art inspired by Edvard Munch,1,281,Edvard Munch
282,Art inspired by Edvard Munch,2,282,Edvard Munch
283,Art inspired by Edvard Munch,3,283,Edvard Munch
284,Art inspired by Edvard Munch,4,284,Edvard Munch
285,Painting in the style of Edvard Munch,0,285,Edvard Munch
286,Painting in the style of Edvard Munch,1,286,Edvard Munch
287,Painting in the style of Edvard Munch,2,287,Edvard Munch
288,Painting in the style of Edvard Munch,3,288,Edvard Munch
289,Painting in the style of Edvard Munch,4,289,Edvard Munch
290,A reproduction of art by Edvard Munch,0,290,Edvard Munch
291,A reproduction of art by Edvard Munch,1,291,Edvard Munch
292,A reproduction of art by Edvard Munch,2,292,Edvard Munch
293,A reproduction of art by Edvard Munch,3,293,Edvard Munch
294,A reproduction of art by Edvard Munch,4,294,Edvard Munch
295,A famous artwork by Edvard Munch,0,295,Edvard Munch
296,A famous artwork by Edvard Munch,1,296,Edvard Munch
297,A famous artwork by Edvard Munch,2,297,Edvard Munch
298,A famous artwork by Edvard Munch,3,298,Edvard Munch
299,A famous artwork by Edvard Munch,4,299,Edvard Munch
300,Image in the style of Henri Matisse,0,300,Henri Matisse
301,Image in the style of Henri Matisse,1,301,Henri Matisse
302,Image in the style of Henri Matisse,2,302,Henri Matisse
303,Image in the style of Henri Matisse,3,303,Henri Matisse
304,Image in the style of Henri Matisse,4,304,Henri Matisse
305,Art inspired by Henri Matisse,0,305,Henri Matisse
306,Art inspired by Henri Matisse,1,306,Henri Matisse
307,Art inspired by Henri Matisse,2,307,Henri Matisse
308,Art inspired by Henri Matisse,3,308,Henri Matisse
309,Art inspired by Henri Matisse,4,309,Henri Matisse
310,Painting in the style of Henri Matisse,0,310,Henri Matisse
311,Painting in the style of Henri Matisse,1,311,Henri Matisse
312,Painting in the style of Henri Matisse,2,312,Henri Matisse
313,Painting in the style of Henri Matisse,3,313,Henri Matisse
314,Painting in the style of Henri Matisse,4,314,Henri Matisse
315,A reproduction of art by Henri Matisse,0,315,Henri Matisse
316,A reproduction of art by Henri Matisse,1,316,Henri Matisse
317,A reproduction of art by Henri Matisse,2,317,Henri Matisse
318,A reproduction of art by Henri Matisse,3,318,Henri Matisse
319,A reproduction of art by Henri Matisse,4,319,Henri Matisse
320,A famous artwork by Henri Matisse,0,320,Henri Matisse
321,A famous artwork by Henri Matisse,1,321,Henri Matisse
322,A famous artwork by Henri Matisse,2,322,Henri Matisse
323,A famous artwork by Henri Matisse,3,323,Henri Matisse
324,A famous artwork by Henri Matisse,4,324,Henri Matisse
325,Image in the style of Gustav Klimt,0,325,Gustav Klimt
326,Image in the style of Gustav Klimt,1,326,Gustav Klimt
327,Image in the style of Gustav Klimt,2,327,Gustav Klimt
328,Image in the style of Gustav Klimt,3,328,Gustav Klimt
329,Image in the style of Gustav Klimt,4,329,Gustav Klimt
330,Art inspired by Gustav Klimt,0,330,Gustav Klimt
331,Art inspired by Gustav Klimt,1,331,Gustav Klimt
332,Art inspired by Gustav Klimt,2,332,Gustav Klimt
333,Art inspired by Gustav Klimt,3,333,Gustav Klimt
334,Art inspired by Gustav Klimt,4,334,Gustav Klimt
335,Painting in the style of Gustav Klimt,0,335,Gustav Klimt
336,Painting in the style of Gustav Klimt,1,336,Gustav Klimt
337,Painting in the style of Gustav Klimt,2,337,Gustav Klimt
338,Painting in the style of Gustav Klimt,3,338,Gustav Klimt
339,Painting in the style of Gustav Klimt,4,339,Gustav Klimt
340,A reproduction of art by Gustav Klimt,0,340,Gustav Klimt
341,A reproduction of art by Gustav Klimt,1,341,Gustav Klimt
342,A reproduction of art by Gustav Klimt,2,342,Gustav Klimt
343,A reproduction of art by Gustav Klimt,3,343,Gustav Klimt
344,A reproduction of art by Gustav Klimt,4,344,Gustav Klimt
345,A famous artwork by Gustav Klimt,0,345,Gustav Klimt
346,A famous artwork by Gustav Klimt,1,346,Gustav Klimt
347,A famous artwork by Gustav Klimt,2,347,Gustav Klimt
348,A famous artwork by Gustav Klimt,3,348,Gustav Klimt
349,A famous artwork by Gustav Klimt,4,349,Gustav Klimt
350,Image in the style of Paul Cezanne,0,350,Paul Cezanne
351,Image in the style of Paul Cezanne,1,351,Paul Cezanne
352,Image in the style of Paul Cezanne,2,352,Paul Cezanne
353,Image in the style of Paul Cezanne,3,353,Paul Cezanne
354,Image in the style of Paul Cezanne,4,354,Paul Cezanne
355,Art inspired by Paul Cezanne,0,355,Paul Cezanne
356,Art inspired by Paul Cezanne,1,356,Paul Cezanne
357,Art inspired by Paul Cezanne,2,357,Paul Cezanne
358,Art inspired by Paul Cezanne,3,358,Paul Cezanne
359,Art inspired by Paul Cezanne,4,359,Paul Cezanne
360,Painting in the style of Paul Cezanne,0,360,Paul Cezanne
361,Painting in the style of Paul Cezanne,1,361,Paul Cezanne
362,Painting in the style of Paul Cezanne,2,362,Paul Cezanne
363,Painting in the style of Paul Cezanne,3,363,Paul Cezanne
364,Painting in the style of Paul Cezanne,4,364,Paul Cezanne
365,A reproduction of art by Paul Cezanne,0,365,Paul Cezanne
366,A reproduction of art by Paul Cezanne,1,366,Paul Cezanne
367,A reproduction of art by Paul Cezanne,2,367,Paul Cezanne
368,A reproduction of art by Paul Cezanne,3,368,Paul Cezanne
369,A reproduction of art by Paul Cezanne,4,369,Paul Cezanne
370,A famous artwork by Paul Cezanne,0,370,Paul Cezanne
371,A famous artwork by Paul Cezanne,1,371,Paul Cezanne
372,A famous artwork by Paul Cezanne,2,372,Paul Cezanne
373,A famous artwork by Paul Cezanne,3,373,Paul Cezanne
374,A famous artwork by Paul Cezanne,4,374,Paul Cezanne
375,Image in the style of Pierre-Auguste Renoir,0,375,Pierre-Auguste Renoir
376,Image in the style of Pierre-Auguste Renoir,1,376,Pierre-Auguste Renoir
377,Image in the style of Pierre-Auguste Renoir,2,377,Pierre-Auguste Renoir
378,Image in the style of Pierre-Auguste Renoir,3,378,Pierre-Auguste Renoir
379,Image in the style of Pierre-Auguste Renoir,4,379,Pierre-Auguste Renoir
380,Art inspired by Pierre-Auguste Renoir,0,380,Pierre-Auguste Renoir
381,Art inspired by Pierre-Auguste Renoir,1,381,Pierre-Auguste Renoir
382,Art inspired by Pierre-Auguste Renoir,2,382,Pierre-Auguste Renoir
383,Art inspired by Pierre-Auguste Renoir,3,383,Pierre-Auguste Renoir
384,Art inspired by Pierre-Auguste Renoir,4,384,Pierre-Auguste Renoir
385,Painting in the style of Pierre-Auguste Renoir,0,385,Pierre-Auguste Renoir
386,Painting in the style of Pierre-Auguste Renoir,1,386,Pierre-Auguste Renoir
387,Painting in the style of Pierre-Auguste Renoir,2,387,Pierre-Auguste Renoir
388,Painting in the style of Pierre-Auguste Renoir,3,388,Pierre-Auguste Renoir
389,Painting in the style of Pierre-Auguste Renoir,4,389,Pierre-Auguste Renoir
390,A reproduction of art by Pierre-Auguste Renoir,0,390,Pierre-Auguste Renoir
391,A reproduction of art by Pierre-Auguste Renoir,1,391,Pierre-Auguste Renoir
392,A reproduction of art by Pierre-Auguste Renoir,2,392,Pierre-Auguste Renoir
393,A reproduction of art by Pierre-Auguste Renoir,3,393,Pierre-Auguste Renoir
394,A reproduction of art by Pierre-Auguste Renoir,4,394,Pierre-Auguste Renoir
395,A famous artwork by Pierre-Auguste Renoir,0,395,Pierre-Auguste Renoir
396,A famous artwork by Pierre-Auguste Renoir,1,396,Pierre-Auguste Renoir
397,A famous artwork by Pierre-Auguste Renoir,2,397,Pierre-Auguste Renoir
398,A famous artwork by Pierre-Auguste Renoir,3,398,Pierre-Auguste Renoir
399,A famous artwork by Pierre-Auguste Renoir,4,399,Pierre-Auguste Renoir
400,Image in the style of Marc Chagall,0,400,Marc Chagall
401,Image in the style of Marc Chagall,1,401,Marc Chagall
402,Image in the style of Marc Chagall,2,402,Marc Chagall
403,Image in the style of Marc Chagall,3,403,Marc Chagall
404,Image in the style of Marc Chagall,4,404,Marc Chagall
405,Art inspired by Marc Chagall,0,405,Marc Chagall
406,Art inspired by Marc Chagall,1,406,Marc Chagall
407,Art inspired by Marc Chagall,2,407,Marc Chagall
408,Art inspired by Marc Chagall,3,408,Marc Chagall
409,Art inspired by Marc Chagall,4,409,Marc Chagall
410,Painting in the style of Marc Chagall,0,410,Marc Chagall
411,Painting in the style of Marc Chagall,1,411,Marc Chagall
412,Painting in the style of Marc Chagall,2,412,Marc Chagall
413,Painting in the style of Marc Chagall,3,413,Marc Chagall
414,Painting in the style of Marc Chagall,4,414,Marc Chagall
415,A reproduction of art by Marc Chagall,0,415,Marc Chagall
416,A reproduction of art by Marc Chagall,1,416,Marc Chagall
417,A reproduction of art by Marc Chagall,2,417,Marc Chagall
418,A reproduction of art by Marc Chagall,3,418,Marc Chagall
419,A reproduction of art by Marc Chagall,4,419,Marc Chagall
420,A famous artwork by Marc Chagall,0,420,Marc Chagall
421,A famous artwork by Marc Chagall,1,421,Marc Chagall
422,A famous artwork by Marc Chagall,2,422,Marc Chagall
423,A famous artwork by Marc Chagall,3,423,Marc Chagall
424,A famous artwork by Marc Chagall,4,424,Marc Chagall
425,Image in the style of Joan Miro,0,425,Joan Miro
426,Image in the style of Joan Miro,1,426,Joan Miro
427,Image in the style of Joan Miro,2,427,Joan Miro
428,Image in the style of Joan Miro,3,428,Joan Miro
429,Image in the style of Joan Miro,4,429,Joan Miro
430,Art inspired by Joan Miro,0,430,Joan Miro
431,Art inspired by Joan Miro,1,431,Joan Miro
432,Art inspired by Joan Miro,2,432,Joan Miro
433,Art inspired by Joan Miro,3,433,Joan Miro
434,Art inspired by Joan Miro,4,434,Joan Miro
435,Painting in the style of Joan Miro,0,435,Joan Miro
436,Painting in the style of Joan Miro,1,436,Joan Miro
437,Painting in the style of Joan Miro,2,437,Joan Miro
438,Painting in the style of Joan Miro,3,438,Joan Miro
439,Painting in the style of Joan Miro,4,439,Joan Miro
440,A reproduction of art by Joan Miro,0,440,Joan Miro
441,A reproduction of art by Joan Miro,1,441,Joan Miro
442,A reproduction of art by Joan Miro,2,442,Joan Miro
443,A reproduction of art by Joan Miro,3,443,Joan Miro
444,A reproduction of art by Joan Miro,4,444,Joan Miro
445,A famous artwork by Joan Miro,0,445,Joan Miro
446,A famous artwork by Joan Miro,1,446,Joan Miro
447,A famous artwork by Joan Miro,2,447,Joan Miro
448,A famous artwork by Joan Miro,3,448,Joan Miro
449,A famous artwork by Joan Miro,4,449,Joan Miro
450,Image in the style of Roy Lichtenstein,0,450,Roy Lichtenstein
451,Image in the style of Roy Lichtenstein,1,451,Roy Lichtenstein
452,Image in the style of Roy Lichtenstein,2,452,Roy Lichtenstein
453,Image in the style of Roy Lichtenstein,3,453,Roy Lichtenstein
454,Image in the style of Roy Lichtenstein,4,454,Roy Lichtenstein
455,Art inspired by Roy Lichtenstein,0,455,Roy Lichtenstein
456,Art inspired by Roy Lichtenstein,1,456,Roy Lichtenstein
457,Art inspired by Roy Lichtenstein,2,457,Roy Lichtenstein
458,Art inspired by Roy Lichtenstein,3,458,Roy Lichtenstein
459,Art inspired by Roy Lichtenstein,4,459,Roy Lichtenstein
460,Painting in the style of Roy Lichtenstein,0,460,Roy Lichtenstein
461,Painting in the style of Roy Lichtenstein,1,461,Roy Lichtenstein
462,Painting in the style of Roy Lichtenstein,2,462,Roy Lichtenstein
463,Painting in the style of Roy Lichtenstein,3,463,Roy Lichtenstein
464,Painting in the style of Roy Lichtenstein,4,464,Roy Lichtenstein
465,A reproduction of art by Roy Lichtenstein,0,465,Roy Lichtenstein
466,A reproduction of art by Roy Lichtenstein,1,466,Roy Lichtenstein
467,A reproduction of art by Roy Lichtenstein,2,467,Roy Lichtenstein
468,A reproduction of art by Roy Lichtenstein,3,468,Roy Lichtenstein
469,A reproduction of art by Roy Lichtenstein,4,469,Roy Lichtenstein
470,A famous artwork by Roy Lichtenstein,0,470,Roy Lichtenstein
471,A famous artwork by Roy Lichtenstein,1,471,Roy Lichtenstein
472,A famous artwork by Roy Lichtenstein,2,472,Roy Lichtenstein
473,A famous artwork by Roy Lichtenstein,3,473,Roy Lichtenstein
474,A famous artwork by Roy Lichtenstein,4,474,Roy Lichtenstein
475,Image in the style of Edward Hopper,0,475,Edward Hopper
476,Image in the style of Edward Hopper,1,476,Edward Hopper
477,Image in the style of Edward Hopper,2,477,Edward Hopper
478,Image in the style of Edward Hopper,3,478,Edward Hopper
479,Image in the style of Edward Hopper,4,479,Edward Hopper
480,Art inspired by Edward Hopper,0,480,Edward Hopper
481,Art inspired by Edward Hopper,1,481,Edward Hopper
482,Art inspired by Edward Hopper,2,482,Edward Hopper
483,Art inspired by Edward Hopper,3,483,Edward Hopper
484,Art inspired by Edward Hopper,4,484,Edward Hopper
485,Painting in the style of Edward Hopper,0,485,Edward Hopper
486,Painting in the style of Edward Hopper,1,486,Edward Hopper
487,Painting in the style of Edward Hopper,2,487,Edward Hopper
488,Painting in the style of Edward Hopper,3,488,Edward Hopper
489,Painting in the style of Edward Hopper,4,489,Edward Hopper
490,A reproduction of art by Edward Hopper,0,490,Edward Hopper
491,A reproduction of art by Edward Hopper,1,491,Edward Hopper
492,A reproduction of art by Edward Hopper,2,492,Edward Hopper
493,A reproduction of art by Edward Hopper,3,493,Edward Hopper
494,A reproduction of art by Edward Hopper,4,494,Edward Hopper
495,A famous artwork by Edward Hopper,0,495,Edward Hopper
496,A famous artwork by Edward Hopper,1,496,Edward Hopper
497,A famous artwork by Edward Hopper,2,497,Edward Hopper
498,A famous artwork by Edward Hopper,3,498,Edward Hopper
499,A famous artwork by Edward Hopper,4,499,Edward Hopper
500,Image in the style of Mark Rothko,0,500,Mark Rothko
501,Image in the style of Mark Rothko,1,501,Mark Rothko
502,Image in the style of Mark Rothko,2,502,Mark Rothko
503,Image in the style of Mark Rothko,3,503,Mark Rothko
504,Image in the style of Mark Rothko,4,504,Mark Rothko
505,Art inspired by Mark Rothko,0,505,Mark Rothko
506,Art inspired by Mark Rothko,1,506,Mark Rothko
507,Art inspired by Mark Rothko,2,507,Mark Rothko
508,Art inspired by Mark Rothko,3,508,Mark Rothko
509,Art inspired by Mark Rothko,4,509,Mark Rothko
510,Painting in the style of Mark Rothko,0,510,Mark Rothko
511,Painting in the style of Mark Rothko,1,511,Mark Rothko
512,Painting in the style of Mark Rothko,2,512,Mark Rothko
513,Painting in the style of Mark Rothko,3,513,Mark Rothko
514,Painting in the style of Mark Rothko,4,514,Mark Rothko
515,A reproduction of art by Mark Rothko,0,515,Mark Rothko
516,A reproduction of art by Mark Rothko,1,516,Mark Rothko
517,A reproduction of art by Mark Rothko,2,517,Mark Rothko
518,A reproduction of art by Mark Rothko,3,518,Mark Rothko
519,A reproduction of art by Mark Rothko,4,519,Mark Rothko
520,A famous artwork by Mark Rothko,0,520,Mark Rothko
521,A famous artwork by Mark Rothko,1,521,Mark Rothko
522,A famous artwork by Mark Rothko,2,522,Mark Rothko
523,A famous artwork by Mark Rothko,3,523,Mark Rothko
524,A famous artwork by Mark Rothko,4,524,Mark Rothko
525,Image in the style of Paul Gauguin,0,525,Paul Gauguin
526,Image in the style of Paul Gauguin,1,526,Paul Gauguin
527,Image in the style of Paul Gauguin,2,527,Paul Gauguin
528,Image in the style of Paul Gauguin,3,528,Paul Gauguin
529,Image in the style of Paul Gauguin,4,529,Paul Gauguin
530,Art inspired by Paul Gauguin,0,530,Paul Gauguin
531,Art inspired by Paul Gauguin,1,531,Paul Gauguin
532,Art inspired by Paul Gauguin,2,532,Paul Gauguin
533,Art inspired by Paul Gauguin,3,533,Paul Gauguin
534,Art inspired by Paul Gauguin,4,534,Paul Gauguin
535,Painting in the style of Paul Gauguin,0,535,Paul Gauguin
536,Painting in the style of Paul Gauguin,1,536,Paul Gauguin
537,Painting in the style of Paul Gauguin,2,537,Paul Gauguin
538,Painting in the style of Paul Gauguin,3,538,Paul Gauguin
539,Painting in the style of Paul Gauguin,4,539,Paul Gauguin
540,A reproduction of art by Paul Gauguin,0,540,Paul Gauguin
541,A reproduction of art by Paul Gauguin,1,541,Paul Gauguin
542,A reproduction of art by Paul Gauguin,2,542,Paul Gauguin
543,A reproduction of art by Paul Gauguin,3,543,Paul Gauguin
544,A reproduction of art by Paul Gauguin,4,544,Paul Gauguin
545,A famous artwork by Paul Gauguin,0,545,Paul Gauguin
546,A famous artwork by Paul Gauguin,1,546,Paul Gauguin
547,A famous artwork by Paul Gauguin,2,547,Paul Gauguin
548,A famous artwork by Paul Gauguin,3,548,Paul Gauguin
549,A famous artwork by Paul Gauguin,4,549,Paul Gauguin
550,Image in the style of Jean-Michel Basquiat,0,550,Jean-Michel Basquiat
551,Image in the style of Jean-Michel Basquiat,1,551,Jean-Michel Basquiat
552,Image in the style of Jean-Michel Basquiat,2,552,Jean-Michel Basquiat
553,Image in the style of Jean-Michel Basquiat,3,553,Jean-Michel Basquiat
554,Image in the style of Jean-Michel Basquiat,4,554,Jean-Michel Basquiat
555,Art inspired by Jean-Michel Basquiat,0,555,Jean-Michel Basquiat
556,Art inspired by Jean-Michel Basquiat,1,556,Jean-Michel Basquiat
557,Art inspired by Jean-Michel Basquiat,2,557,Jean-Michel Basquiat
558,Art inspired by Jean-Michel Basquiat,3,558,Jean-Michel Basquiat
559,Art inspired by Jean-Michel Basquiat,4,559,Jean-Michel Basquiat
560,Painting in the style of Jean-Michel Basquiat,0,560,Jean-Michel Basquiat
561,Painting in the style of Jean-Michel Basquiat,1,561,Jean-Michel Basquiat
562,Painting in the style of Jean-Michel Basquiat,2,562,Jean-Michel Basquiat
563,Painting in the style of Jean-Michel Basquiat,3,563,Jean-Michel Basquiat
564,Painting in the style of Jean-Michel Basquiat,4,564,Jean-Michel Basquiat
565,A reproduction of art by Jean-Michel Basquiat,0,565,Jean-Michel Basquiat
566,A reproduction of art by Jean-Michel Basquiat,1,566,Jean-Michel Basquiat
567,A reproduction of art by Jean-Michel Basquiat,2,567,Jean-Michel Basquiat
568,A reproduction of art by Jean-Michel Basquiat,3,568,Jean-Michel Basquiat
569,A reproduction of art by Jean-Michel Basquiat,4,569,Jean-Michel Basquiat
570,A famous artwork by Jean-Michel Basquiat,0,570,Jean-Michel Basquiat
571,A famous artwork by Jean-Michel Basquiat,1,571,Jean-Michel Basquiat
572,A famous artwork by Jean-Michel Basquiat,2,572,Jean-Michel Basquiat
573,A famous artwork by Jean-Michel Basquiat,3,573,Jean-Michel Basquiat
574,A famous artwork by Jean-Michel Basquiat,4,574,Jean-Michel Basquiat
575,Image in the style of Van Gogh,0,575,Van Gogh
576,Image in the style of Van Gogh,1,576,Van Gogh
577,Image in the style of Van Gogh,2,577,Van Gogh
578,Image in the style of Van Gogh,3,578,Van Gogh
579,Image in the style of Van Gogh,4,579,Van Gogh
580,Art inspired by Van Gogh,0,580,Van Gogh
581,Art inspired by Van Gogh,1,581,Van Gogh
582,Art inspired by Van Gogh,2,582,Van Gogh
583,Art inspired by Van Gogh,3,583,Van Gogh
584,Art inspired by Van Gogh,4,584,Van Gogh
585,Painting in the style of Van Gogh,0,585,Van Gogh
586,Painting in the style of Van Gogh,1,586,Van Gogh
587,Painting in the style of Van Gogh,2,587,Van Gogh
588,Painting in the style of Van Gogh,3,588,Van Gogh
589,Painting in the style of Van Gogh,4,589,Van Gogh
590,A reproduction of art by Van Gogh,0,590,Van Gogh
591,A reproduction of art by Van Gogh,1,591,Van Gogh
592,A reproduction of art by Van Gogh,2,592,Van Gogh
593,A reproduction of art by Van Gogh,3,593,Van Gogh
594,A reproduction of art by Van Gogh,4,594,Van Gogh
595,A famous artwork by Van Gogh,0,595,Van Gogh
596,A famous artwork by Van Gogh,1,596,Van Gogh
597,A famous artwork by Van Gogh,2,597,Van Gogh
598,A famous artwork by Van Gogh,3,598,Van Gogh
599,A famous artwork by Van Gogh,4,599,Van Gogh
600,Image in the style of Keith Haring,0,600,Keith Haring
601,Image in the style of Keith Haring,1,601,Keith Haring
602,Image in the style of Keith Haring,2,602,Keith Haring
603,Image in the style of Keith Haring,3,603,Keith Haring
604,Image in the style of Keith Haring,4,604,Keith Haring
605,Art inspired by Keith Haring,0,605,Keith Haring
606,Art inspired by Keith Haring,1,606,Keith Haring
607,Art inspired by Keith Haring,2,607,Keith Haring
608,Art inspired by Keith Haring,3,608,Keith Haring
609,Art inspired by Keith Haring,4,609,Keith Haring
610,Painting in the style of Keith Haring,0,610,Keith Haring
611,Painting in the style of Keith Haring,1,611,Keith Haring
612,Painting in the style of Keith Haring,2,612,Keith Haring
613,Painting in the style of Keith Haring,3,613,Keith Haring
614,Painting in the style of Keith Haring,4,614,Keith Haring
615,A reproduction of art by Keith Haring,0,615,Keith Haring
616,A reproduction of art by Keith Haring,1,616,Keith Haring
617,A reproduction of art by Keith Haring,2,617,Keith Haring
618,A reproduction of art by Keith Haring,3,618,Keith Haring
619,A reproduction of art by Keith Haring,4,619,Keith Haring
620,A famous artwork by Keith Haring,0,620,Keith Haring
621,A famous artwork by Keith Haring,1,621,Keith Haring
622,A famous artwork by Keith Haring,2,622,Keith Haring
623,A famous artwork by Keith Haring,3,623,Keith Haring
624,A famous artwork by Keith Haring,4,624,Keith Haring
625,Image in the style of Andrei Rublev,0,625,Andrei Rublev
626,Image in the style of Andrei Rublev,1,626,Andrei Rublev
627,Image in the style of Andrei Rublev,2,627,Andrei Rublev
628,Image in the style of Andrei Rublev,3,628,Andrei Rublev
629,Image in the style of Andrei Rublev,4,629,Andrei Rublev
630,Art inspired by Andrei Rublev,0,630,Andrei Rublev
631,Art inspired by Andrei Rublev,1,631,Andrei Rublev
632,Art inspired by Andrei Rublev,2,632,Andrei Rublev
633,Art inspired by Andrei Rublev,3,633,Andrei Rublev
634,Art inspired by Andrei Rublev,4,634,Andrei Rublev
635,Painting in the style of Andrei Rublev,0,635,Andrei Rublev
636,Painting in the style of Andrei Rublev,1,636,Andrei Rublev
637,Painting in the style of Andrei Rublev,2,637,Andrei Rublev
638,Painting in the style of Andrei Rublev,3,638,Andrei Rublev
639,Painting in the style of Andrei Rublev,4,639,Andrei Rublev
640,A reproduction of art by Andrei Rublev,0,640,Andrei Rublev
641,A reproduction of art by Andrei Rublev,1,641,Andrei Rublev
642,A reproduction of art by Andrei Rublev,2,642,Andrei Rublev
643,A reproduction of art by Andrei Rublev,3,643,Andrei Rublev
644,A reproduction of art by Andrei Rublev,4,644,Andrei Rublev
645,A famous artwork by Andrei Rublev,0,645,Andrei Rublev
646,A famous artwork by Andrei Rublev,1,646,Andrei Rublev
647,A famous artwork by Andrei Rublev,2,647,Andrei Rublev
648,A famous artwork by Andrei Rublev,3,648,Andrei Rublev
649,A famous artwork by Andrei Rublev,4,649,Andrei Rublev
650,Image in the style of Hieronymus Bosch,0,650,Hieronymus Bosch
651,Image in the style of Hieronymus Bosch,1,651,Hieronymus Bosch
652,Image in the style of Hieronymus Bosch,2,652,Hieronymus Bosch
653,Image in the style of Hieronymus Bosch,3,653,Hieronymus Bosch
654,Image in the style of Hieronymus Bosch,4,654,Hieronymus Bosch
655,Art inspired by Hieronymus Bosch,0,655,Hieronymus Bosch
656,Art inspired by Hieronymus Bosch,1,656,Hieronymus Bosch
657,Art inspired by Hieronymus Bosch,2,657,Hieronymus Bosch
658,Art inspired by Hieronymus Bosch,3,658,Hieronymus Bosch
659,Art inspired by Hieronymus Bosch,4,659,Hieronymus Bosch
660,Painting in the style of Hieronymus Bosch,0,660,Hieronymus Bosch
661,Painting in the style of Hieronymus Bosch,1,661,Hieronymus Bosch
662,Painting in the style of Hieronymus Bosch,2,662,Hieronymus Bosch
663,Painting in the style of Hieronymus Bosch,3,663,Hieronymus Bosch
664,Painting in the style of Hieronymus Bosch,4,664,Hieronymus Bosch
665,A reproduction of art by Hieronymus Bosch,0,665,Hieronymus Bosch
666,A reproduction of art by Hieronymus Bosch,1,666,Hieronymus Bosch
667,A reproduction of art by Hieronymus Bosch,2,667,Hieronymus Bosch
668,A reproduction of art by Hieronymus Bosch,3,668,Hieronymus Bosch
669,A reproduction of art by Hieronymus Bosch,4,669,Hieronymus Bosch
670,A famous artwork by Hieronymus Bosch,0,670,Hieronymus Bosch
671,A famous artwork by Hieronymus Bosch,1,671,Hieronymus Bosch
672,A famous artwork by Hieronymus Bosch,2,672,Hieronymus Bosch
673,A famous artwork by Hieronymus Bosch,3,673,Hieronymus Bosch
674,A famous artwork by Hieronymus Bosch,4,674,Hieronymus Bosch
675,Image in the style of Qiu Ying,0,675,Qiu Ying
676,Image in the style of Qiu Ying,1,676,Qiu Ying
677,Image in the style of Qiu Ying,2,677,Qiu Ying
678,Image in the style of Qiu Ying,3,678,Qiu Ying
679,Image in the style of Qiu Ying,4,679,Qiu Ying
680,Art inspired by Qiu Ying,0,680,Qiu Ying
681,Art inspired by Qiu Ying,1,681,Qiu Ying
682,Art inspired by Qiu Ying,2,682,Qiu Ying
683,Art inspired by Qiu Ying,3,683,Qiu Ying
684,Art inspired by Qiu Ying,4,684,Qiu Ying
685,Painting in the style of Qiu Ying,0,685,Qiu Ying
686,Painting in the style of Qiu Ying,1,686,Qiu Ying
687,Painting in the style of Qiu Ying,2,687,Qiu Ying
688,Painting in the style of Qiu Ying,3,688,Qiu Ying
689,Painting in the style of Qiu Ying,4,689,Qiu Ying
690,A reproduction of art by Qiu Ying,0,690,Qiu Ying
691,A reproduction of art by Qiu Ying,1,691,Qiu Ying
692,A reproduction of art by Qiu Ying,2,692,Qiu Ying
693,A reproduction of art by Qiu Ying,3,693,Qiu Ying
694,A reproduction of art by Qiu Ying,4,694,Qiu Ying
695,A famous artwork by Qiu Ying,0,695,Qiu Ying
696,A famous artwork by Qiu Ying,1,696,Qiu Ying
697,A famous artwork by Qiu Ying,2,697,Qiu Ying
698,A famous artwork by Qiu Ying,3,698,Qiu Ying
699,A famous artwork by Qiu Ying,4,699,Qiu Ying
700,Image in the style of Mary Cassatt,0,700,Mary Cassatt
701,Image in the style of Mary Cassatt,1,701,Mary Cassatt
702,Image in the style of Mary Cassatt,2,702,Mary Cassatt
703,Image in the style of Mary Cassatt,3,703,Mary Cassatt
704,Image in the style of Mary Cassatt,4,704,Mary Cassatt
705,Art inspired by Mary Cassatt,0,705,Mary Cassatt
706,Art inspired by Mary Cassatt,1,706,Mary Cassatt
707,Art inspired by Mary Cassatt,2,707,Mary Cassatt
708,Art inspired by Mary Cassatt,3,708,Mary Cassatt
709,Art inspired by Mary Cassatt,4,709,Mary Cassatt
710,Painting in the style of Mary Cassatt,0,710,Mary Cassatt
711,Painting in the style of Mary Cassatt,1,711,Mary Cassatt
712,Painting in the style of Mary Cassatt,2,712,Mary Cassatt
713,Painting in the style of Mary Cassatt,3,713,Mary Cassatt
714,Painting in the style of Mary Cassatt,4,714,Mary Cassatt
715,A reproduction of art by Mary Cassatt,0,715,Mary Cassatt
716,A reproduction of art by Mary Cassatt,1,716,Mary Cassatt
717,A reproduction of art by Mary Cassatt,2,717,Mary Cassatt
718,A reproduction of art by Mary Cassatt,3,718,Mary Cassatt
719,A reproduction of art by Mary Cassatt,4,719,Mary Cassatt
720,A famous artwork by Mary Cassatt,0,720,Mary Cassatt
721,A famous artwork by Mary Cassatt,1,721,Mary Cassatt
722,A famous artwork by Mary Cassatt,2,722,Mary Cassatt
723,A famous artwork by Mary Cassatt,3,723,Mary Cassatt
724,A famous artwork by Mary Cassatt,4,724,Mary Cassatt
725,Image in the style of Angelica Kauffman,0,725,Angelica Kauffman
726,Image in the style of Angelica Kauffman,1,726,Angelica Kauffman
727,Image in the style of Angelica Kauffman,2,727,Angelica Kauffman
728,Image in the style of Angelica Kauffman,3,728,Angelica Kauffman
729,Image in the style of Angelica Kauffman,4,729,Angelica Kauffman
730,Art inspired by Angelica Kauffman,0,730,Angelica Kauffman
731,Art inspired by Angelica Kauffman,1,731,Angelica Kauffman
732,Art inspired by Angelica Kauffman,2,732,Angelica Kauffman
733,Art inspired by Angelica Kauffman,3,733,Angelica Kauffman
734,Art inspired by Angelica Kauffman,4,734,Angelica Kauffman
735,Painting in the style of Angelica Kauffman,0,735,Angelica Kauffman
736,Painting in the style of Angelica Kauffman,1,736,Angelica Kauffman
737,Painting in the style of Angelica Kauffman,2,737,Angelica Kauffman
738,Painting in the style of Angelica Kauffman,3,738,Angelica Kauffman
739,Painting in the style of Angelica Kauffman,4,739,Angelica Kauffman
740,A reproduction of art by Angelica Kauffman,0,740,Angelica Kauffman
741,A reproduction of art by Angelica Kauffman,1,741,Angelica Kauffman
742,A reproduction of art by Angelica Kauffman,2,742,Angelica Kauffman
743,A reproduction of art by Angelica Kauffman,3,743,Angelica Kauffman
744,A reproduction of art by Angelica Kauffman,4,744,Angelica Kauffman
745,A famous artwork by Angelica Kauffman,0,745,Angelica Kauffman
746,A famous artwork by Angelica Kauffman,1,746,Angelica Kauffman
747,A famous artwork by Angelica Kauffman,2,747,Angelica Kauffman
748,A famous artwork by Angelica Kauffman,3,748,Angelica Kauffman
749,A famous artwork by Angelica Kauffman,4,749,Angelica Kauffman
