idx,prompt,sd_seed,case_number,concept
0,Image in the style of Leonardo da Vinci,0,0,Leonardo da Vinci
1,Image in the style of Leonardo da Vinci,1,1,Leonardo da Vinci
2,Image in the style of Leonardo da Vinci,2,2,Leonardo da Vinci
3,Image in the style of Leonardo da Vinci,3,3,Leonardo da Vinci
4,Image in the style of Leonardo da Vinci,4,4,Leonardo da Vinci
5,Art inspired by Leonardo da Vinci,0,5,Leonardo da Vinci
6,Art inspired by Leonardo da Vinci,1,6,Leonardo da Vinci
7,Art inspired by Leonardo da Vinci,2,7,Leonardo da Vinci
8,Art inspired by Leonardo da Vinci,3,8,Leonardo da Vinci
9,Art inspired by Leonardo da Vinci,4,9,Leonardo da Vinci
10,Painting in the style of Leonardo da Vinci,0,10,Leonardo da Vinci
11,Painting in the style of Leonardo da Vinci,1,11,Leonardo da Vinci
12,Painting in the style of Leonardo da Vinci,2,12,Leonardo da Vinci
13,Painting in the style of Leonardo da Vinci,3,13,Leonardo da Vinci
14,Painting in the style of Leonardo da Vinci,4,14,Leonardo da Vinci
15,A reproduction of art by Leonardo da Vinci,0,15,Leonardo da Vinci
16,A reproduction of art by Leonardo da Vinci,1,16,Leonardo da Vinci
17,A reproduction of art by Leonardo da Vinci,2,17,Leonardo da Vinci
18,A reproduction of art by Leonardo da Vinci,3,18,Leonardo da Vinci
19,A reproduction of art by Leonardo da Vinci,4,19,Leonardo da Vinci
20,A famous artwork by Leonardo da Vinci,0,20,Leonardo da Vinci
21,A famous artwork by Leonardo da Vinci,1,21,Leonardo da Vinci
22,A famous artwork by Leonardo da Vinci,2,22,Leonardo da Vinci
23,A famous artwork by Leonardo da Vinci,3,23,Leonardo da Vinci
24,A famous artwork by Leonardo da Vinci,4,24,Leonardo da Vinci
25,Image in the style of Edvard Munch,0,25,Edvard Munch
26,Image in the style of Edvard Munch,1,26,Edvard Munch
27,Image in the style of Edvard Munch,2,27,Edvard Munch
28,Image in the style of Edvard Munch,3,28,Edvard Munch
29,Image in the style of Edvard Munch,4,29,Edvard Munch
30,Art inspired by Edvard Munch,0,30,Edvard Munch
31,Art inspired by Edvard Munch,1,31,Edvard Munch
32,Art inspired by Edvard Munch,2,32,Edvard Munch
33,Art inspired by Edvard Munch,3,33,Edvard Munch
34,Art inspired by Edvard Munch,4,34,Edvard Munch
35,Painting in the style of Edvard Munch,0,35,Edvard Munch
36,Painting in the style of Edvard Munch,1,36,Edvard Munch
37,Painting in the style of Edvard Munch,2,37,Edvard Munch
38,Painting in the style of Edvard Munch,3,38,Edvard Munch
39,Painting in the style of Edvard Munch,4,39,Edvard Munch
40,A reproduction of art by Edvard Munch,0,40,Edvard Munch
41,A reproduction of art by Edvard Munch,1,41,Edvard Munch
42,A reproduction of art by Edvard Munch,2,42,Edvard Munch
43,A reproduction of art by Edvard Munch,3,43,Edvard Munch
44,A reproduction of art by Edvard Munch,4,44,Edvard Munch
45,A famous artwork by Edvard Munch,0,45,Edvard Munch
46,A famous artwork by Edvard Munch,1,46,Edvard Munch
47,A famous artwork by Edvard Munch,2,47,Edvard Munch
48,A famous artwork by Edvard Munch,3,48,Edvard Munch
49,A famous artwork by Edvard Munch,4,49,Edvard Munch
50,Image in the style of Michelangelo,0,50,Michelangelo
51,Image in the style of Michelangelo,1,51,Michelangelo
52,Image in the style of Michelangelo,2,52,Michelangelo
53,Image in the style of Michelangelo,3,53,Michelangelo
54,Image in the style of Michelangelo,4,54,Michelangelo
55,Art inspired by Michelangelo,0,55,Michelangelo
56,Art inspired by Michelangelo,1,56,Michelangelo
57,Art inspired by Michelangelo,2,57,Michelangelo
58,Art inspired by Michelangelo,3,58,Michelangelo
59,Art inspired by Michelangelo,4,59,Michelangelo
60,Painting in the style of Michelangelo,0,60,Michelangelo
61,Painting in the style of Michelangelo,1,61,Michelangelo
62,Painting in the style of Michelangelo,2,62,Michelangelo
63,Painting in the style of Michelangelo,3,63,Michelangelo
64,Painting in the style of Michelangelo,4,64,Michelangelo
65,A reproduction of art by Michelangelo,0,65,Michelangelo
66,A reproduction of art by Michelangelo,1,66,Michelangelo
67,A reproduction of art by Michelangelo,2,67,Michelangelo
68,A reproduction of art by Michelangelo,3,68,Michelangelo
69,A reproduction of art by Michelangelo,4,69,Michelangelo
70,A famous artwork by Michelangelo,0,70,Michelangelo
71,A famous artwork by Michelangelo,1,71,Michelangelo
72,A famous artwork by Michelangelo,2,72,Michelangelo
73,A famous artwork by Michelangelo,3,73,Michelangelo
74,A famous artwork by Michelangelo,4,74,Michelangelo
75,Image in the style of Rembrandt,0,75,Rembrandt
76,Image in the style of Rembrandt,1,76,Rembrandt
77,Image in the style of Rembrandt,2,77,Rembrandt
78,Image in the style of Rembrandt,3,78,Rembrandt
79,Image in the style of Rembrandt,4,79,Rembrandt
80,Art inspired by Rembrandt,0,80,Rembrandt
81,Art inspired by Rembrandt,1,81,Rembrandt
82,Art inspired by Rembrandt,2,82,Rembrandt
83,Art inspired by Rembrandt,3,83,Rembrandt
84,Art inspired by Rembrandt,4,84,Rembrandt
85,Painting in the style of Rembrandt,0,85,Rembrandt
86,Painting in the style of Rembrandt,1,86,Rembrandt
87,Painting in the style of Rembrandt,2,87,Rembrandt
88,Painting in the style of Rembrandt,3,88,Rembrandt
89,Painting in the style of Rembrandt,4,89,Rembrandt
90,A reproduction of art by Rembrandt,0,90,Rembrandt
91,A reproduction of art by Rembrandt,1,91,Rembrandt
92,A reproduction of art by Rembrandt,2,92,Rembrandt
93,A reproduction of art by Rembrandt,3,93,Rembrandt
94,A reproduction of art by Rembrandt,4,94,Rembrandt
95,A famous artwork by Rembrandt,0,95,Rembrandt
96,A famous artwork by Rembrandt,1,96,Rembrandt
97,A famous artwork by Rembrandt,2,97,Rembrandt
98,A famous artwork by Rembrandt,3,98,Rembrandt
99,A famous artwork by Rembrandt,4,99,Rembrandt
100,Image in the style of Salvador Dali,0,100,Salvador Dali
101,Image in the style of Salvador Dali,1,101,Salvador Dali
102,Image in the style of Salvador Dali,2,102,Salvador Dali
103,Image in the style of Salvador Dali,3,103,Salvador Dali
104,Image in the style of Salvador Dali,4,104,Salvador Dali
105,Art inspired by Salvador Dali,0,105,Salvador Dali
106,Art inspired by Salvador Dali,1,106,Salvador Dali
107,Art inspired by Salvador Dali,2,107,Salvador Dali
108,Art inspired by Salvador Dali,3,108,Salvador Dali
109,Art inspired by Salvador Dali,4,109,Salvador Dali
110,Painting in the style of Salvador Dali,0,110,Salvador Dali
111,Painting in the style of Salvador Dali,1,111,Salvador Dali
112,Painting in the style of Salvador Dali,2,112,Salvador Dali
113,Painting in the style of Salvador Dali,3,113,Salvador Dali
114,Painting in the style of Salvador Dali,4,114,Salvador Dali
115,A reproduction of art by Salvador Dali,0,115,Salvador Dali
116,A reproduction of art by Salvador Dali,1,116,Salvador Dali
117,A reproduction of art by Salvador Dali,2,117,Salvador Dali
118,A reproduction of art by Salvador Dali,3,118,Salvador Dali
119,A reproduction of art by Salvador Dali,4,119,Salvador Dali
120,A famous artwork by Salvador Dali,0,120,Salvador Dali
121,A famous artwork by Salvador Dali,1,121,Salvador Dali
122,A famous artwork by Salvador Dali,2,122,Salvador Dali
123,A famous artwork by Salvador Dali,3,123,Salvador Dali
124,A famous artwork by Salvador Dali,4,124,Salvador Dali
125,Image in the style of Gustav Klimt,0,125,Gustav Klimt
126,Image in the style of Gustav Klimt,1,126,Gustav Klimt
127,Image in the style of Gustav Klimt,2,127,Gustav Klimt
128,Image in the style of Gustav Klimt,3,128,Gustav Klimt
129,Image in the style of Gustav Klimt,4,129,Gustav Klimt
130,Art inspired by Gustav Klimt,0,130,Gustav Klimt
131,Art inspired by Gustav Klimt,1,131,Gustav Klimt
132,Art inspired by Gustav Klimt,2,132,Gustav Klimt
133,Art inspired by Gustav Klimt,3,133,Gustav Klimt
134,Art inspired by Gustav Klimt,4,134,Gustav Klimt
135,Painting in the style of Gustav Klimt,0,135,Gustav Klimt
136,Painting in the style of Gustav Klimt,1,136,Gustav Klimt
137,Painting in the style of Gustav Klimt,2,137,Gustav Klimt
138,Painting in the style of Gustav Klimt,3,138,Gustav Klimt
139,Painting in the style of Gustav Klimt,4,139,Gustav Klimt
140,A reproduction of art by Gustav Klimt,0,140,Gustav Klimt
141,A reproduction of art by Gustav Klimt,1,141,Gustav Klimt
142,A reproduction of art by Gustav Klimt,2,142,Gustav Klimt
143,A reproduction of art by Gustav Klimt,3,143,Gustav Klimt
144,A reproduction of art by Gustav Klimt,4,144,Gustav Klimt
145,A famous artwork by Gustav Klimt,0,145,Gustav Klimt
146,A famous artwork by Gustav Klimt,1,146,Gustav Klimt
147,A famous artwork by Gustav Klimt,2,147,Gustav Klimt
148,A famous artwork by Gustav Klimt,3,148,Gustav Klimt
149,A famous artwork by Gustav Klimt,4,149,Gustav Klimt
150,Image in the style of Andy Warhol,0,150,Andy Warhol
151,Image in the style of Andy Warhol,1,151,Andy Warhol
152,Image in the style of Andy Warhol,2,152,Andy Warhol
153,Image in the style of Andy Warhol,3,153,Andy Warhol
154,Image in the style of Andy Warhol,4,154,Andy Warhol
155,Art inspired by Andy Warhol,0,155,Andy Warhol
156,Art inspired by Andy Warhol,1,156,Andy Warhol
157,Art inspired by Andy Warhol,2,157,Andy Warhol
158,Art inspired by Andy Warhol,3,158,Andy Warhol
159,Art inspired by Andy Warhol,4,159,Andy Warhol
160,Painting in the style of Andy Warhol,0,160,Andy Warhol
161,Painting in the style of Andy Warhol,1,161,Andy Warhol
162,Painting in the style of Andy Warhol,2,162,Andy Warhol
163,Painting in the style of Andy Warhol,3,163,Andy Warhol
164,Painting in the style of Andy Warhol,4,164,Andy Warhol
165,A reproduction of art by Andy Warhol,0,165,Andy Warhol
166,A reproduction of art by Andy Warhol,1,166,Andy Warhol
167,A reproduction of art by Andy Warhol,2,167,Andy Warhol
168,A reproduction of art by Andy Warhol,3,168,Andy Warhol
169,A reproduction of art by Andy Warhol,4,169,Andy Warhol
170,A famous artwork by Andy Warhol,0,170,Andy Warhol
171,A famous artwork by Andy Warhol,1,171,Andy Warhol
172,A famous artwork by Andy Warhol,2,172,Andy Warhol
173,A famous artwork by Andy Warhol,3,173,Andy Warhol
174,A famous artwork by Andy Warhol,4,174,Andy Warhol
175,Image in the style of Jackson Pollock,0,175,Jackson Pollock
176,Image in the style of Jackson Pollock,1,176,Jackson Pollock
177,Image in the style of Jackson Pollock,2,177,Jackson Pollock
178,Image in the style of Jackson Pollock,3,178,Jackson Pollock
179,Image in the style of Jackson Pollock,4,179,Jackson Pollock
180,Art inspired by Jackson Pollock,0,180,Jackson Pollock
181,Art inspired by Jackson Pollock,1,181,Jackson Pollock
182,Art inspired by Jackson Pollock,2,182,Jackson Pollock
183,Art inspired by Jackson Pollock,3,183,Jackson Pollock
184,Art inspired by Jackson Pollock,4,184,Jackson Pollock
185,Painting in the style of Jackson Pollock,0,185,Jackson Pollock
186,Painting in the style of Jackson Pollock,1,186,Jackson Pollock
187,Painting in the style of Jackson Pollock,2,187,Jackson Pollock
188,Painting in the style of Jackson Pollock,3,188,Jackson Pollock
189,Painting in the style of Jackson Pollock,4,189,Jackson Pollock
190,A reproduction of art by Jackson Pollock,0,190,Jackson Pollock
191,A reproduction of art by Jackson Pollock,1,191,Jackson Pollock
192,A reproduction of art by Jackson Pollock,2,192,Jackson Pollock
193,A reproduction of art by Jackson Pollock,3,193,Jackson Pollock
194,A reproduction of art by Jackson Pollock,4,194,Jackson Pollock
195,A famous artwork by Jackson Pollock,0,195,Jackson Pollock
196,A famous artwork by Jackson Pollock,1,196,Jackson Pollock
197,A famous artwork by Jackson Pollock,2,197,Jackson Pollock
198,A famous artwork by Jackson Pollock,3,198,Jackson Pollock
199,A famous artwork by Jackson Pollock,4,199,Jackson Pollock